Name,Gender,Age,Tag_most_frequent,Tag_2nd_frequent,Tag_3rd_frequent,Working Status,Volunteer ID,Email ID
Marco B,M,22,animal,elderly,,Student,34513,marcob@gmail.com
Chloe L,F,22,elderly,,,Student,54332,chloel@gmail.com
Shlok J,M,22,animal,,,Student,75488,shlokj@gmail.com
Keshav G,M,20,youth,,,Student,43543,keshavg@gmail.com
Ankur V,M,28,youth,,,Employed,86536,ankurv@gmail.com
Polly G,F,25,animal,youth,,Employed,32574,pollyg@gmail.com
Lorelei G,F,34,healthcare,,,Employed,63245,loreleig@gmail.com
Bruno M,M,40,youth,healthcare,,Employed,43131,brunom@gmail.com
Kelly T,F,19,animal,,,Student,32541,kellyt@gmail.com
Sia,F,45,,,,Employed,13432,sia@gmail.com
